Round,Player,Hand,Action
1,0,0,0
1,1,0,0
1,2,0,2
2,0,0,0
2,1,0,1
2,2,0,3
2,2,1,2
2,1,0,0
2,2,0,1
3,0,0,0
3,1,0,0
3,2,0,2
4,0,0,0
4,1,0,1
4,2,0,0
4,1,0,0
5,0,0,0
5,1,0,1
5,2,0,0
6,0,0,0
6,1,0,0
6,2,0,0
7,0,0,0
7,1,0,1
7,2,0,2
7,1,0,1
8,0,0,0
8,1,0,0
8,2,0,2
9,0,0,0
9,1,0,1
9,2,0,0
9,1,0,1
9,1,0,0
10,0,0,0
10,1,0,1
10,2,0,1
10,1,0,0
11,0,0,0
11,1,0,0
11,2,0,1
11,2,0,1
12,0,0,0
12,1,0,0
12,2,0,1
12,2,0,1
12,2,0,0
13,0,0,1
13,1,0,0
13,2,0,1
13,0,0,0
13,2,0,0
14,0,0,0
14,1,0,1
14,2,0,0
15,0,0,0
15,1,0,1
15,2,0,0
15,1,0,0
16,0,0,2
16,1,0,0
16,2,0,2
17,0,0,0
17,1,0,0
17,2,0,1
17,2,0,0
18,0,0,0
18,1,0,2
18,2,0,1
19,0,0,0
19,1,0,0
19,2,0,1
19,2,0,0
20,0,0,0
20,1,0,1
20,2,0,1
20,1,0,0
20,2,0,0
21,0,0,4
21,1,0,1
21,2,0,1
21,0,0,0
21,1,0,1
21,2,0,0
22,0,0,0
22,1,0,0
22,2,0,1
22,2,0,1
23,0,0,0
23,1,0,1
23,2,0,1
23,1,0,1
23,2,0,1
23,1,0,0
23,2,0,0
24,0,0,0
24,1,0,0
24,2,0,2
25,0,0,0
25,1,0,2
25,2,0,0
26,0,0,0
26,1,0,0
26,2,0,1
26,2,0,1
27,0,0,0
27,1,0,1
27,2,0,0
27,1,0,1
27,1,0,0
28,0,0,0
28,1,0,2
28,2,0,2
29,0,0,1
29,1,0,0
29,2,0,1
30,0,0,0
30,1,0,0
30,2,0,2
31,0,0,0
31,1,0,0
31,2,0,2
32,0,0,0
32,1,0,1
32,2,0,2
33,0,0,0
33,1,0,0
33,2,0,3
33,2,1,1
33,2,0,2
33,2,1,0
34,0,0,0
34,1,0,1
34,2,0,0
35,0,0,0
35,1,0,1
35,2,0,1
35,2,0,0
36,0,0,0
36,1,0,0
36,2,0,0
37,0,0,0
37,1,0,1
37,2,0,2
37,1,0,0
38,0,0,0
38,1,0,1
38,2,0,4
38,1,0,0
38,2,0,4
38,2,0,2
39,0,0,0
39,1,0,2
39,2,0,2
40,0,0,0
40,1,0,0
40,2,0,2
41,0,0,0
41,1,0,2
41,2,0,2
42,0,0,0
42,1,0,2
42,2,0,2
43,0,0,0
43,1,0,0
43,2,0,1
43,2,0,0
44,0,0,0
44,1,0,1
44,2,0,2
44,1,0,1
45,0,0,0
45,1,0,1
45,2,0,2
46,0,0,0
46,1,0,0
46,2,0,1
46,2,0,1
47,0,0,0
47,1,0,0
47,2,0,2
48,0,0,0
48,1,0,0
48,2,0,0
49,0,0,1
49,1,0,1
49,2,0,0
50,0,0,0
50,1,0,0
50,2,0,2
51,0,0,0
51,1,0,0
51,2,0,2
52,0,0,0
52,1,0,0
52,2,0,1
53,0,0,0
53,1,0,1
53,2,0,1
53,1,0,0
53,2,0,0
54,0,0,1
54,1,0,2
54,2,0,0
54,0,0,0
55,0,0,0
55,1,0,0
55,2,0,1
56,0,0,1
56,1,0,0
56,2,0,1
56,0,0,0
56,2,0,0
57,0,0,0
57,1,0,0
57,2,0,0
58,0,0,0
58,1,0,0
58,2,0,0
59,0,0,0
59,1,0,1
59,2,0,0
59,1,0,1
59,1,0,1
60,0,0,0
60,1,0,1
60,2,0,0
60,1,0,0
61,0,0,0
61,1,0,2
61,2,0,0
62,0,0,1
62,1,0,1
62,2,0,1
63,0,0,1
63,1,0,0
63,2,0,1
63,2,0,1
63,2,0,0
64,0,0,0
64,1,0,0
64,2,0,0
65,0,0,0
65,1,0,0
65,2,0,0
66,0,0,1
66,1,0,2
66,2,0,1
66,2,0,0
67,0,0,1
67,1,0,0
67,2,0,2
67,0,0,0
68,0,0,0
68,1,0,1
68,2,0,4
68,1,0,0
68,2,0,2
69,0,0,0
69,1,0,0
69,2,0,1
69,2,0,0
70,0,0,0
70,1,0,1
70,2,0,1
70,1,0,1
70,2,0,0
71,0,0,0
71,1,0,0
71,2,0,2
72,0,0,0
72,1,0,0
72,2,0,2
73,0,0,0
73,1,0,0
73,2,0,0
74,0,0,0
74,1,0,0
74,2,0,2
75,0,0,0
75,1,0,0
75,2,0,0
76,0,0,0
76,1,0,0
76,2,0,2
77,0,0,0
77,1,0,0
77,2,0,1
78,0,0,2
78,1,0,0
78,2,0,1
78,2,0,0
79,0,0,1
79,1,0,2
79,2,0,2
80,0,0,0
80,1,0,1
80,2,0,2
80,1,0,0
81,0,0,0
81,1,0,1
81,2,0,2
81,1,0,0
82,0,0,0
82,1,0,1
82,2,0,0
82,1,0,0
83,0,0,0
83,1,0,0
83,2,0,2
84,0,0,0
84,1,0,1
84,2,0,0
84,1,0,0
85,0,0,1
85,1,0,0
85,2,0,2
85,0,0,0
86,0,0,1
86,1,0,3
86,1,1,0
86,2,0,0
86,0,0,0
86,1,0,0
87,0,0,0
87,1,0,0
87,2,0,0
88,0,0,0
88,1,0,1
88,2,0,1
89,0,0,0
89,1,0,0
89,2,0,2
90,0,0,0
90,1,0,1
90,2,0,0
90,1,0,1
90,1,0,0
91,0,0,2
91,1,0,1
91,2,0,3
91,2,1,1
91,1,0,0
91,2,0,2
92,0,0,1
92,1,0,0
92,2,0,2
92,0,0,0
93,0,0,2
93,1,0,1
93,2,0,1
93,1,0,0
93,2,0,0
94,0,0,1
94,1,0,0
94,2,0,0
95,0,0,0
95,1,0,1
95,2,0,1
95,1,0,0
95,2,0,0
96,0,0,0
96,1,0,0
96,2,0,1
97,0,0,0
97,1,0,0
97,2,0,2
98,0,0,1
98,1,0,0
98,2,0,1
98,0,0,0
98,2,0,1
98,2,0,1
98,2,0,0
99,0,0,0
99,1,0,0
99,2,0,1
99,2,0,1
99,2,0,0
100,0,0,0
100,1,0,0
100,2,0,1
100,2,0,0
101,0,0,0
101,1,0,1
101,2,0,2
101,1,0,0
102,0,0,0
102,1,0,1
102,2,0,0
103,0,0,1
103,1,0,3
103,1,1,0
103,2,0,0
103,0,0,0
103,1,0,0
104,0,0,0
104,1,0,1
104,2,0,1
104,1,0,1
104,2,0,0
104,1,0,0
105,0,0,0
105,1,0,0
105,2,0,3
105,2,1,2
105,2,0,2
106,0,0,0
106,1,0,0
106,2,0,2
107,0,0,0
107,1,0,1
107,2,0,1
107,1,0,0
108,0,0,0
108,1,0,1
108,2,0,2
108,1,0,1
108,1,0,0
109,0,0,0
109,1,0,2
109,2,0,0
110,0,0,1
110,1,0,1
110,2,0,0
110,1,0,1
110,1,0,0
111,0,0,0
111,1,0,0
111,2,0,2
112,0,0,0
112,1,0,0
112,2,0,1
113,0,0,0
113,1,0,0
113,2,0,1
113,2,0,1
114,0,0,2
114,1,0,2
114,2,0,3
114,2,1,1
114,2,0,1
115,0,0,1
115,1,0,1
115,2,0,2
115,0,0,0
115,1,0,0
116,0,0,0
116,1,0,1
116,2,0,2
116,1,0,0
117,0,0,0
117,1,0,2
117,2,0,2
118,0,0,0
118,1,0,0
118,2,0,0
119,0,0,0
119,1,0,1
119,2,0,1
119,1,0,0
120,0,0,2
120,1,0,0
120,2,0,0
121,0,0,0
121,1,0,2
121,2,0,3
121,2,1,1
121,2,0,2
122,0,0,0
122,1,0,0
122,2,0,0
123,0,0,0
123,1,0,1
123,2,0,1
123,1,0,0
123,2,0,1
123,2,0,0
124,0,0,0
124,1,0,2
124,2,0,0
125,0,0,1
125,1,0,0
125,2,0,0
126,0,0,1
126,1,0,0
126,2,0,1
126,0,0,0
126,2,0,0
127,0,0,0
127,1,0,1
127,2,0,2
127,1,0,0
128,0,0,0
128,1,0,0
128,2,0,0
129,0,0,0
129,1,0,1
129,2,0,1
129,1,0,1
130,0,0,0
130,1,0,0
130,2,0,1
130,2,0,1
131,0,0,0
131,1,0,0
131,2,0,2
132,0,0,0
132,1,0,0
132,2,0,0
133,0,0,0
133,1,0,1
133,2,0,0
133,1,0,0
134,0,0,0
134,1,0,0
134,2,0,2
135,0,0,0
135,1,0,0
135,2,0,2
136,0,0,0
136,1,0,0
136,2,0,1
136,2,0,1
136,2,0,1
137,0,0,0
137,1,0,1
137,2,0,2
137,1,0,1
137,1,0,0
138,0,0,0
138,1,0,0
138,2,0,0
139,0,0,0
139,1,0,2
139,2,0,2
140,0,0,1
140,1,0,0
140,2,0,0
141,0,0,1
141,1,0,1
141,2,0,2
141,1,0,0
142,0,0,0
142,1,0,1
142,2,0,2
142,1,0,0
143,0,0,1
143,1,0,1
143,2,0,2
144,0,0,0
144,1,0,1
144,2,0,1
144,2,0,0
145,0,0,0
145,1,0,0
145,2,0,1
146,0,0,2
146,1,0,0
146,2,0,1
146,2,0,1
147,0,0,2
147,1,0,1
147,2,0,1
148,0,0,1
148,1,0,0
148,2,0,1
148,0,0,0
148,2,0,0
149,0,0,1
149,1,0,1
149,2,0,1
149,1,0,0
149,2,0,1
150,0,0,1
150,1,0,0
150,2,0,0
150,0,0,1
151,0,0,0
151,1,0,0
151,2,0,0
152,0,0,0
152,1,0,1
152,2,0,1
152,1,0,1
153,0,0,0
153,1,0,0
153,2,0,2
154,0,0,0
154,1,0,0
154,2,0,1
154,2,0,0
155,0,0,0
155,1,0,0
155,2,0,1
155,2,0,1
156,0,0,1
156,1,0,2
156,2,0,2
157,0,0,0
157,1,0,0
157,2,0,2
158,0,0,1
158,1,0,0
158,2,0,2
158,0,0,0
159,0,0,0
159,1,0,1
159,2,0,2
159,1,0,1
159,1,0,0
160,0,0,0
160,1,0,1
160,2,0,2
160,1,0,1
160,1,0,0
161,0,0,0
161,1,0,0
161,2,0,2
162,0,0,0
162,1,0,1
162,2,0,1
162,1,0,0
163,0,0,2
163,1,0,1
163,2,0,3
163,2,1,1
163,2,0,1
164,0,0,0
164,1,0,1
164,2,0,1
164,1,0,1
164,2,0,1
165,0,0,1
165,1,0,1
165,2,0,1
165,0,0,0
165,1,0,1
165,1,0,0
166,0,0,2
166,1,0,0
166,2,0,1
167,0,0,0
167,1,0,0
167,2,0,0
168,0,0,0
168,1,0,1
168,2,0,0
168,1,0,1
169,0,0,0
169,1,0,0
169,2,0,2
170,0,0,1
170,1,0,1
170,2,0,0
170,0,0,0
171,0,0,0
171,1,0,1
171,2,0,2
171,1,0,0
172,0,0,2
172,1,0,0
172,2,0,2
173,0,0,1
173,1,0,0
173,2,0,2
173,0,0,1
174,0,0,1
174,1,0,0
174,2,0,1
174,0,0,0
174,2,0,1
175,0,0,1
175,1,0,0
175,2,0,2
175,0,0,1
176,0,0,1
176,1,0,0
176,2,0,2
177,0,0,1
177,1,0,0
177,2,0,2
177,0,0,0
178,0,0,0
178,1,0,0
178,2,0,2
179,0,0,0
179,1,0,1
179,2,0,0
180,0,0,0
180,1,0,2
180,2,0,3
180,2,1,1
180,2,0,0
180,2,1,1
181,0,0,0
181,1,0,0
181,2,0,2
182,0,0,0
182,1,0,0
182,2,0,1
183,0,0,1
183,1,0,0
183,2,0,0
183,0,0,0
184,0,0,0
184,1,0,0
184,2,0,1
184,2,0,0
185,0,0,2
185,1,0,1
185,2,0,1
185,1,0,0
185,2,0,1
185,2,0,0
186,0,0,0
186,1,0,1
186,2,0,2
187,0,0,0
187,1,0,1
187,2,0,2
188,0,0,0
188,1,0,1
188,2,0,2
188,1,0,0
189,0,0,0
189,1,0,0
189,2,0,0
190,0,0,0
190,1,0,0
190,2,0,2
191,0,0,2
191,1,0,1
191,2,0,1
191,1,0,0
192,0,0,1
192,1,0,1
192,2,0,1
192,0,0,0
192,1,0,0
192,2,0,0
193,0,0,0
193,1,0,0
193,2,0,2
194,0,0,0
194,1,0,1
194,2,0,1
194,1,0,1
194,2,0,0
195,0,0,0
195,1,0,0
195,2,0,1
195,2,0,1
196,0,0,1
196,1,0,0
196,2,0,2
196,0,0,1
197,0,0,0
197,1,0,3
197,1,1,0
197,2,0,1
197,1,0,0
197,2,0,1
198,0,0,0
198,1,0,0
198,2,0,1
198,2,0,1
199,0,0,0
199,1,0,0
199,2,0,1
200,0,0,0
200,1,0,0
200,2,0,1
200,2,0,0
201,0,0,0
201,1,0,1
201,2,0,1
201,2,0,0
202,0,0,0
202,1,0,0
202,2,0,2
203,0,0,0
203,1,0,1
203,2,0,1
204,0,0,0
204,1,0,1
204,2,0,3
204,2,1,0
204,1,0,1
204,2,0,1
204,2,0,1
205,0,0,1
205,1,0,1
205,2,0,2
205,0,0,1
205,1,0,0
206,0,0,0
206,1,0,1
206,2,0,2
206,1,0,0
207,0,0,1
207,1,0,0
207,2,0,0
207,0,0,0
208,0,0,1
208,1,0,0
208,2,0,2
208,0,0,1
209,0,0,2
209,1,0,1
209,2,0,1
209,1,0,0
210,0,0,0
210,1,0,1
210,2,0,1
211,0,0,0
211,1,0,1
211,2,0,1
211,2,0,1
211,2,0,0
212,0,0,2
212,1,0,1
212,2,0,1
212,1,0,0
212,2,0,1
213,0,0,1
213,1,0,2
213,2,0,0
213,0,0,0
214,0,0,2
214,1,0,1
214,2,0,0
214,1,0,0
215,0,0,1
215,1,0,1
215,2,0,2
215,0,0,1
215,1,0,0
215,0,0,0
216,0,0,0
216,1,0,1
216,2,0,2
216,1,0,1
216,1,0,0
217,0,0,0
217,1,0,1
217,2,0,2
217,1,0,1
217,1,0,0
218,0,0,0
218,1,0,1
218,2,0,3
218,2,1,0
218,2,0,2
219,0,0,0
219,1,0,2
219,2,0,1
219,2,0,0
220,0,0,2
220,1,0,1
220,2,0,1
220,2,0,1
220,2,0,1
221,0,0,1
221,1,0,0
221,2,0,1
221,2,0,1
222,0,0,0
222,1,0,1
222,2,0,0
222,1,0,0
223,0,0,0
223,1,0,0
223,2,0,1
223,2,0,0
224,0,0,0
224,1,0,1
224,2,0,2
225,0,0,0
225,1,0,3
225,1,1,0
225,2,0,1
225,1,0,0
226,0,0,1
226,1,0,1
226,2,0,0
226,0,0,1
226,1,0,0
226,0,0,0
227,0,0,0
227,1,0,0
227,2,0,1
228,0,0,1
228,1,0,1
228,2,0,0
228,0,0,1
229,0,0,0
229,1,0,1
229,2,0,0
229,1,0,0
230,0,0,0
230,1,0,1
230,2,0,4
230,1,0,0
230,2,0,1
230,2,0,1
230,2,0,1
231,0,0,0
231,1,0,1
231,2,0,0
231,1,0,1
232,0,0,0
232,1,0,1
232,2,0,0
232,1,0,0
233,0,0,0
233,1,0,0
233,2,0,0
234,0,0,0
234,1,0,0
234,2,0,0
235,0,0,0
235,1,0,1
235,2,0,0
235,1,0,0
236,0,0,0
236,1,0,1
236,2,0,0
236,1,0,0
237,0,0,1
237,1,0,0
237,2,0,2
237,0,0,1
238,0,0,0
238,1,0,1
238,2,0,2
238,1,0,1
239,0,0,1
239,1,0,1
239,2,0,1
239,2,0,1
240,0,0,1
240,1,0,1
240,2,0,1
240,0,0,0
240,1,0,1
240,1,0,0
241,0,0,0
241,1,0,1
241,2,0,1
241,2,0,0
242,0,0,0
242,1,0,3
242,1,1,3
242,1,2,0
242,2,0,1
242,1,0,0
242,1,1,0
242,2,0,0
243,0,0,0
243,1,0,3
243,1,1,1
243,2,0,3
243,2,1,1
243,1,0,1
243,1,1,0
243,2,0,2
243,2,1,0
243,1,0,0
244,0,0,0
244,1,0,0
244,2,0,4
244,2,0,4
244,2,0,2
245,0,0,1
245,1,0,0
245,2,0,2
245,0,0,0
246,0,0,1
246,1,0,0
246,2,0,1
246,0,0,0
246,2,0,1
246,2,0,0
247,0,0,0
247,1,0,0
247,2,0,0
248,0,0,0
248,1,0,1
248,2,0,2
249,0,0,0
249,1,0,0
249,2,0,0
250,0,0,0
250,1,0,0
250,2,0,2
251,0,0,0
251,1,0,1
251,2,0,0
251,1,0,1
251,1,0,1
251,1,0,0
252,0,0,1
252,1,0,0
252,2,0,1
253,0,0,0
253,1,0,1
253,2,0,1
253,2,0,1
253,2,0,1
254,0,0,0
254,1,0,1
254,2,0,1
254,1,0,0
254,2,0,1
254,2,0,1
255,0,0,0
255,1,0,0
255,2,0,1
256,0,0,0
256,1,0,1
256,2,0,0
256,1,0,1
256,1,0,0
257,0,0,1
257,1,0,0
257,2,0,0
257,0,0,0
258,0,0,1
258,1,0,0
258,2,0,1
258,2,0,1
259,0,0,0
259,1,0,0
259,2,0,0
260,0,0,2
260,1,0,3
260,1,1,1
260,2,0,0
260,1,0,1
260,1,1,1
260,1,0,0
261,0,0,1
261,1,0,1
261,2,0,0
261,1,0,0
262,0,0,2
262,1,0,1
262,2,0,0
263,0,0,2
263,1,0,0
263,2,0,0
264,0,0,0
264,1,0,1
264,2,0,0
265,0,0,0
265,1,0,0
265,2,0,0
266,0,0,0
266,1,0,1
266,2,0,0
266,1,0,1
266,1,0,1
267,0,0,2
267,1,0,3
267,1,1,0
267,2,0,1
267,1,0,0
267,2,0,0
268,0,0,0
268,1,0,2
268,2,0,2
269,0,0,1
269,1,0,1
269,2,0,1
269,2,0,1
269,2,0,0
270,0,0,0
270,1,0,0
270,2,0,2
271,0,0,0
271,1,0,0
271,2,0,0
272,0,0,1
272,1,0,0
272,2,0,1
272,0,0,0
272,2,0,0
273,0,0,1
273,1,0,0
273,2,0,2
273,0,0,0
274,0,0,2
274,1,0,0
274,2,0,1
274,2,0,0
275,0,0,1
275,1,0,0
275,2,0,2
275,0,0,0
276,0,0,2
276,1,0,1
276,2,0,4
276,2,0,1
276,2,0,0
277,0,0,0
277,1,0,0
277,2,0,0
278,0,0,0
278,1,0,3
278,1,1,0
278,2,0,1
278,1,0,0
278,2,0,0
279,0,0,1
279,1,0,1
279,2,0,2
279,0,0,0
279,1,0,1
279,1,0,0
280,0,0,0
280,1,0,0
280,2,0,1
281,0,0,1
281,1,0,3
281,1,1,0
281,2,0,1
281,1,0,0
281,2,0,1
281,2,0,1
281,2,0,1
282,0,0,0
282,1,0,1
282,2,0,1
282,2,0,0
283,0,0,1
283,1,0,0
283,2,0,1
284,0,0,0
284,1,0,0
284,2,0,1
285,0,0,1
285,1,0,2
285,2,0,0
285,0,0,1
285,0,0,0
286,0,0,0
286,1,0,0
286,2,0,1
287,0,0,0
287,1,0,1
287,2,0,1
287,1,0,0
287,2,0,0
288,0,0,0
288,1,0,1
288,2,0,4
288,1,0,1
288,2,0,0
289,0,0,1
289,1,0,0
289,2,0,1
289,0,0,0
289,2,0,0
290,0,0,0
290,1,0,0
290,2,0,3
290,2,1,1
290,2,0,0
290,2,1,0
291,0,0,1
291,1,0,0
291,2,0,2
292,0,0,1
292,1,0,0
292,2,0,2
292,0,0,0
293,0,0,0
293,1,0,0
293,2,0,0
294,0,0,0
294,1,0,0
294,2,0,2
295,0,0,0
295,1,0,0
295,2,0,0
296,0,0,1
296,1,0,1
296,2,0,1
296,0,0,0
296,1,0,0
297,0,0,0
297,1,0,0
297,2,0,0
298,0,0,1
298,1,0,1
298,2,0,0
299,0,0,0
299,1,0,0
299,2,0,0
300,0,0,0
300,1,0,1
300,2,0,1
300,2,0,0
301,0,0,0
301,1,0,1
301,2,0,0
301,1,0,0
302,0,0,1
302,1,0,1
302,2,0,2
302,0,0,0
302,1,0,1
303,0,0,0
303,1,0,2
303,2,0,1
304,0,0,0
304,1,0,0
304,2,0,2
305,0,0,1
305,1,0,1
305,2,0,1
305,0,0,0
305,1,0,1
305,1,0,1
306,0,0,0
306,1,0,1
306,2,0,1
306,1,0,0
306,2,0,0
307,0,0,1
307,1,0,2
307,2,0,1
308,0,0,1
308,1,0,1
308,2,0,1
308,2,0,0
309,0,0,0
309,1,0,1
309,2,0,1
309,1,0,1
309,2,0,0
309,1,0,0
310,0,0,1
310,1,0,1
310,2,0,2
310,0,0,0
310,1,0,0
311,0,0,0
311,1,0,0
311,2,0,2
312,0,0,1
312,1,0,0
312,2,0,1
312,0,0,0
312,2,0,0
313,0,0,0
313,1,0,0
313,2,0,1
313,2,0,1
314,0,0,1
314,1,0,1
314,2,0,0
314,0,0,0
314,1,0,0
315,0,0,2
315,1,0,1
315,2,0,2
315,1,0,0
316,0,0,0
316,1,0,0
316,2,0,1
317,0,0,0
317,1,0,1
317,2,0,1
318,0,0,0
318,1,0,1
318,2,0,2
318,1,0,0
319,0,0,1
319,1,0,3
319,1,1,1
319,2,0,2
319,0,0,0
319,1,0,1
319,1,1,0
320,0,0,2
320,1,0,0
320,2,0,2
321,0,0,0
321,1,0,1
321,2,0,1
321,1,0,0
321,2,0,1
321,2,0,0
322,0,0,0
322,1,0,1
322,2,0,0
322,1,0,1
323,0,0,0
323,1,0,0
323,2,0,2
324,0,0,0
324,1,0,0
324,2,0,2
325,0,0,1
325,1,0,1
325,2,0,2
325,0,0,0
325,1,0,0
326,0,0,1
326,1,0,0
326,2,0,0
326,0,0,0
327,0,0,1
327,1,0,1
327,2,0,2
327,0,0,0
327,1,0,0
328,0,0,2
328,1,0,1
328,2,0,1
328,1,0,1
328,2,0,1
328,1,0,1
329,0,0,1
329,1,0,2
329,2,0,0
329,0,0,0
330,0,0,2
330,1,0,3
330,1,1,0
330,2,0,0
330,1,0,0
331,0,0,0
331,1,0,2
331,2,0,0
332,0,0,0
332,1,0,2
332,2,0,1
333,0,0,1
333,1,0,0
333,2,0,2
334,0,0,0
334,1,0,0
334,2,0,1
334,2,0,0
335,0,0,0
335,1,0,0
335,2,0,1
336,0,0,1
336,1,0,0
336,2,0,0
336,0,0,0
337,0,0,0
337,1,0,1
337,2,0,2
337,1,0,0
338,0,0,0
338,1,0,1
338,2,0,2
338,1,0,0
339,0,0,2
339,1,0,1
339,2,0,1
339,2,0,0
340,0,0,1
340,1,0,1
340,2,0,1
340,1,0,1
340,2,0,0
341,0,0,0
341,1,0,1
341,2,0,2
341,1,0,0
342,0,0,1
342,1,0,2
342,2,0,2
342,0,0,0
343,0,0,0
343,1,0,0
343,2,0,0
344,0,0,2
344,1,0,2
344,2,0,0
345,0,0,0
345,1,0,2
345,2,0,1
345,2,0,0
346,0,0,1
346,1,0,1
346,2,0,0
346,1,0,0
347,0,0,1
347,1,0,1
347,2,0,2
347,1,0,0
348,0,0,0
348,1,0,0
348,2,0,0
349,0,0,1
349,1,0,1
349,2,0,1
349,0,0,0
349,1,0,1
349,2,0,1
349,2,0,1
350,0,0,0
350,1,0,1
350,2,0,0
351,0,0,0
351,1,0,1
351,2,0,1
351,1,0,0
351,2,0,0
352,0,0,0
352,1,0,0
352,2,0,1
352,2,0,1
353,0,0,1
353,1,0,1
353,2,0,2
353,0,0,1
353,1,0,0
353,0,0,0
354,0,0,2
354,1,0,0
354,2,0,2
355,0,0,1
355,1,0,2
355,2,0,1
355,0,0,1
355,0,0,0
356,0,0,0
356,1,0,1
356,2,0,0
357,0,0,0
357,1,0,1
357,2,0,0
358,0,0,0
358,1,0,0
358,2,0,0
359,0,0,0
359,1,0,1
359,2,0,2
359,1,0,0
360,0,0,1
360,1,0,1
360,2,0,2
360,0,0,0
360,1,0,1
361,0,0,0
361,1,0,0
361,2,0,1
362,0,0,0
362,1,0,0
362,2,0,0
363,0,0,1
363,1,0,1
363,2,0,0
363,0,0,0
364,0,0,1
364,1,0,0
364,2,0,0
364,0,0,0
365,0,0,0
365,1,0,0
365,2,0,0
366,0,0,0
366,1,0,0
366,2,0,2
367,0,0,0
367,1,0,0
367,2,0,2
368,0,0,1
368,1,0,1
368,2,0,1
368,1,0,1
368,2,0,0
368,1,0,1
368,1,0,0
369,0,0,0
369,1,0,1
369,2,0,2
370,0,0,0
370,1,0,0
370,2,0,1
371,0,0,1
371,1,0,1
371,2,0,4
371,0,0,0
371,1,0,1
371,2,0,4
371,2,0,2
372,0,0,0
372,1,0,2
372,2,0,0
373,0,0,2
373,1,0,1
373,2,0,1
373,1,0,0
374,0,0,1
374,1,0,2
374,2,0,1
374,0,0,0
374,2,0,1
375,0,0,1
375,1,0,1
375,2,0,1
375,1,0,0
375,2,0,0
376,0,0,1
376,1,0,2
376,2,0,0
377,0,0,1
377,1,0,0
377,2,0,0
378,0,0,1
378,1,0,3
378,1,1,0
378,2,0,0
378,1,0,0
379,0,0,2
379,1,0,0
379,2,0,0
380,0,0,1
380,1,0,0
380,2,0,0
381,0,0,0
381,1,0,1
381,2,0,1
381,1,0,1
381,2,0,1
381,1,0,0
382,0,0,1
382,1,0,1
382,2,0,1
382,0,0,0
382,2,0,1
383,0,0,1
383,1,0,0
383,2,0,1
383,0,0,0
383,2,0,0
384,0,0,0
384,1,0,3
384,1,1,0
384,2,0,0
384,1,0,1
385,0,0,0
385,1,0,0
385,2,0,1
385,2,0,1
385,2,0,1
386,0,0,0
386,1,0,1
386,2,0,1
386,2,0,0
387,0,0,1
387,1,0,0
387,2,0,3
387,2,1,1
387,0,0,0
387,2,0,0
388,0,0,2
388,1,0,0
388,2,0,0
389,0,0,1
389,1,0,1
389,2,0,0
389,0,0,0
389,1,0,1
390,0,0,2
390,1,0,1
390,2,0,1
390,1,0,1
390,2,0,0
391,0,0,0
391,1,0,0
391,2,0,1
391,2,0,1
392,0,0,0
392,1,0,1
392,2,0,1
392,2,0,1
393,0,0,1
393,1,0,0
393,2,0,0
394,0,0,0
394,1,0,0
394,2,0,1
394,2,0,0
395,0,0,0
395,1,0,1
395,2,0,3
395,2,1,2
395,2,0,1
396,0,0,0
396,1,0,1
396,2,0,1
397,0,0,1
397,1,0,0
397,2,0,1
397,0,0,1
397,2,0,1
398,0,0,0
398,1,0,0
398,2,0,2
399,0,0,1
399,1,0,0
399,2,0,0
399,0,0,0
400,0,0,0
400,1,0,0
400,2,0,1
400,2,0,0
401,0,0,1
401,1,0,0
401,2,0,1
401,0,0,0
402,0,0,2
402,1,0,0
402,2,0,1
402,2,0,0
403,0,0,0
403,1,0,0
403,2,0,2
404,0,0,1
404,1,0,1
404,2,0,1
404,0,0,1
405,0,0,0
405,1,0,0
405,2,0,0
406,0,0,2
406,1,0,0
406,2,0,0
407,0,0,2
407,1,0,1
407,2,0,2
407,1,0,0
408,0,0,1
408,1,0,1
408,2,0,2
408,1,0,1
409,0,0,2
409,1,0,0
409,2,0,0
410,0,0,1
410,1,0,1
410,2,0,0
410,0,0,0
410,1,0,0
411,0,0,0
411,1,0,2
411,2,0,2
412,0,0,0
412,1,0,0
412,2,0,2
413,0,0,1
413,1,0,0
413,2,0,0
414,0,0,0
414,1,0,0
414,2,0,1
414,2,0,1
415,0,0,0
415,1,0,1
415,2,0,0
415,1,0,1
416,0,0,0
416,1,0,0
416,2,0,3
416,2,1,2
416,2,0,2
417,0,0,0
417,1,0,1
417,2,0,2
417,1,0,0
418,0,0,3
418,0,1,2
418,1,0,1
418,2,0,2
418,0,0,2
419,0,0,1
419,1,0,1
419,2,0,0
419,1,0,0
420,0,0,1
420,1,0,0
420,2,0,1
420,0,0,0
421,0,0,2
421,1,0,0
421,2,0,0
422,0,0,0
422,1,0,2
422,2,0,1
423,0,0,1
423,1,0,0
423,2,0,2
424,0,0,2
424,1,0,1
424,2,0,1
424,1,0,0
425,0,0,0
425,1,0,3
425,1,1,1
425,2,0,1
425,1,0,0
425,1,1,0
426,0,0,0
426,1,0,2
426,2,0,2
427,0,0,1
427,1,0,0
427,2,0,2
427,0,0,1
428,0,0,0
428,1,0,1
428,2,0,1
429,0,0,0
429,1,0,1
429,2,0,0
429,1,0,1
430,0,0,1
430,1,0,1
430,2,0,0
430,0,0,0
430,1,0,0
431,0,0,1
431,1,0,1
431,2,0,1
431,0,0,1
431,1,0,0
431,2,0,1
431,2,0,0
432,0,0,0
432,1,0,0
432,2,0,1
432,2,0,1
432,2,0,1
433,0,0,1
433,1,0,1
433,2,0,0
433,1,0,1
433,1,0,1
434,0,0,2
434,1,0,2
434,2,0,1
435,0,0,0
435,1,0,2
435,2,0,0
436,0,0,2
436,1,0,1
436,2,0,0
437,0,0,2
437,1,0,3
437,1,1,0
437,2,0,1
437,1,0,1
437,2,0,1
437,1,0,0
438,0,0,1
438,1,0,1
438,2,0,1
438,1,0,1
438,2,0,1
438,1,0,1
438,1,0,0
439,0,0,2
439,1,0,0
439,2,0,1
440,0,0,0
440,1,0,0
440,2,0,1
440,2,0,0
441,0,0,0
441,1,0,0
441,2,0,2
442,0,0,1
442,1,0,1
442,2,0,2
442,0,0,0
442,1,0,0
443,0,0,1
443,1,0,1
443,2,0,2
443,0,0,0
443,1,0,0
444,0,0,0
444,1,0,1
444,2,0,1
444,1,0,0
445,0,0,0
445,1,0,3
445,1,1,0
445,2,0,1
445,1,0,1
445,2,0,1
445,1,0,0
446,0,0,0
446,1,0,1
446,2,0,1
446,2,0,1
447,0,0,0
447,1,0,0
447,2,0,3
447,2,1,0
447,2,0,3
447,2,2,2
447,2,0,2
448,0,0,2
448,1,0,1
448,2,0,1
449,0,0,0
449,1,0,0
449,2,0,1
449,2,0,0
450,0,0,0
450,1,0,0
450,2,0,0
451,0,0,0
451,1,0,1
451,2,0,2
452,0,0,1
452,1,0,0
452,2,0,2
452,0,0,1
452,0,0,0
453,0,0,1
453,1,0,0
453,2,0,1
453,0,0,0
453,2,0,1
454,0,0,1
454,1,0,1
454,2,0,1
454,0,0,0
454,1,0,0
454,2,0,0
455,0,0,0
455,1,0,0
455,2,0,0
456,0,0,0
456,1,0,2
456,2,0,0
457,0,0,0
457,1,0,0
457,2,0,2
458,0,0,0
458,1,0,0
458,2,0,2
459,0,0,1
459,1,0,1
459,2,0,0
459,0,0,1
459,1,0,1
459,1,0,0
460,0,0,0
460,1,0,0
460,2,0,1
461,0,0,3
461,0,1,3
461,0,2,2
461,1,0,1
461,2,0,1
461,0,0,2
461,0,1,0
461,2,0,1
462,0,0,0
462,1,0,2
462,2,0,0
463,0,0,1
463,1,0,2
463,2,0,1
464,0,0,1
464,1,0,0
464,2,0,1
464,2,0,1
464,2,0,0
465,0,0,0
465,1,0,3
465,1,1,1
465,2,0,2
465,1,0,1
465,1,1,0
466,0,0,1
466,1,0,0
466,2,0,0
466,0,0,0
467,0,0,2
467,1,0,1
467,2,0,0
467,1,0,1
467,1,0,1
468,0,0,2
468,1,0,0
468,2,0,0
469,0,0,0
469,1,0,1
469,2,0,0
469,1,0,0
470,0,0,0
470,1,0,0
470,2,0,2
471,0,0,0
471,1,0,0
471,2,0,2
472,0,0,1
472,1,0,1
472,2,0,0
472,0,0,0
472,1,0,1
472,1,0,0
473,0,0,3
473,0,1,2
473,1,0,0
473,2,0,0
473,0,0,1
473,0,0,0
474,0,0,1
474,1,0,0
474,2,0,0
474,0,0,1
475,0,0,1
475,1,0,0
475,2,0,2
475,0,0,1
476,0,0,2
476,1,0,0
476,2,0,1
476,2,0,0
477,0,0,0
477,1,0,1
477,2,0,0
477,1,0,0
478,0,0,2
478,1,0,0
478,2,0,1
478,2,0,1
478,2,0,1
479,0,0,2
479,1,0,1
479,2,0,0
480,0,0,2
480,1,0,0
480,2,0,2
481,0,0,0
481,1,0,1
481,2,0,1
481,1,0,0
481,2,0,0
482,0,0,1
482,1,0,0
482,2,0,0
483,0,0,1
483,1,0,0
483,2,0,1
483,0,0,0
484,0,0,0
484,1,0,0
484,2,0,2
485,0,0,2
485,1,0,1
485,2,0,3
485,2,1,2
485,2,0,2
486,0,0,1
486,1,0,0
486,2,0,1
486,0,0,0
486,2,0,0
487,0,0,0
487,1,0,0
487,2,0,0
488,0,0,0
488,1,0,1
488,2,0,0
488,1,0,0
489,0,0,0
489,1,0,0
489,2,0,1
489,2,0,1
490,0,0,0
490,1,0,2
490,2,0,1
491,0,0,2
491,1,0,1
491,2,0,2
491,1,0,0
492,0,0,1
492,1,0,0
492,2,0,0
492,0,0,1
493,0,0,1
493,1,0,1
493,2,0,2
493,0,0,0
493,1,0,1
494,0,0,1
494,1,0,2
494,2,0,2
494,0,0,1
494,0,0,0
495,0,0,0
495,1,0,2
495,2,0,0
496,0,0,1
496,1,0,1
496,2,0,0
496,0,0,0
496,1,0,0
497,0,0,0
497,1,0,1
497,2,0,0
497,1,0,1
497,1,0,1
498,0,0,0
498,1,0,0
498,2,0,1
499,0,0,1
499,1,0,1
499,2,0,2
499,0,0,1
500,0,0,1
500,1,0,2
500,2,0,2
500,0,0,0
501,0,0,0
501,1,0,0
501,2,0,2
502,0,0,1
502,1,0,1
502,2,0,2
502,1,0,0
503,0,0,2
503,1,0,1
503,2,0,2
503,1,0,0
504,0,0,2
504,1,0,0
504,2,0,1
505,0,0,2
505,1,0,1
505,2,0,2
506,0,0,2
506,1,0,1
506,2,0,2
507,0,0,0
507,1,0,1
507,2,0,1
507,1,0,0
508,0,0,0
508,1,0,0
508,2,0,0
509,0,0,0
509,1,0,0
509,2,0,1
509,2,0,0
510,0,0,2
510,1,0,0
510,2,0,1
511,0,0,0
511,1,0,1
511,2,0,2
512,0,0,1
512,1,0,0
512,2,0,1
512,0,0,1
512,2,0,0
512,0,0,0
513,0,0,1
513,1,0,0
513,2,0,1
513,0,0,0
513,2,0,1
514,0,0,1
514,1,0,0
514,2,0,0
514,0,0,0
515,0,0,0
515,1,0,0
515,2,0,2
516,0,0,0
516,1,0,1
516,2,0,2
517,0,0,2
517,1,0,1
517,2,0,1
517,1,0,0
517,2,0,0
518,0,0,0
518,1,0,1
518,2,0,4
518,1,0,1
518,2,0,1
518,1,0,1
518,2,0,1
519,0,0,0
519,1,0,1
519,2,0,0
519,1,0,1
519,1,0,0
520,0,0,2
520,1,0,1
520,2,0,1
520,1,0,0
520,2,0,0
521,0,0,2
521,1,0,2
521,2,0,1
521,2,0,0
522,0,0,0
522,1,0,1
522,2,0,1
522,1,0,0
522,2,0,0
523,0,0,1
523,1,0,1
523,2,0,2
523,1,0,1
524,0,0,1
524,1,0,0
524,2,0,0
524,0,0,1
524,0,0,0
525,0,0,0
525,1,0,1
525,2,0,1
525,1,0,0
526,0,0,1
526,1,0,3
526,1,1,0
526,2,0,2
526,0,0,0
526,1,0,0
527,0,0,0
527,1,0,1
527,2,0,2
527,1,0,1
527,1,0,1
527,1,0,0
528,0,0,1
528,1,0,0
528,2,0,0
528,0,0,0
529,0,0,1
529,1,0,2
529,2,0,2
530,0,0,1
530,1,0,0
530,2,0,0
530,0,0,0
531,0,0,1
531,1,0,1
531,2,0,0
531,0,0,1
531,1,0,1
532,0,0,0
532,1,0,2
532,2,0,1
533,0,0,2
533,1,0,0
533,2,0,1
533,2,0,1
534,0,0,0
534,1,0,1
534,2,0,1
534,1,0,1
534,2,0,1
534,1,0,0
535,0,0,2
535,1,0,0
535,2,0,3
535,2,1,1
535,2,0,0
536,0,0,2
536,1,0,1
536,2,0,3
536,2,1,1
536,1,0,1
536,2,0,1
536,2,1,0
536,1,0,1
536,2,0,1
536,1,0,1
536,1,0,0
537,0,0,1
537,1,0,0
537,2,0,1
537,0,0,0
537,2,0,1
538,0,0,0
538,1,0,0
538,2,0,1
538,2,0,0
539,0,0,0
539,1,0,3
539,1,1,0
539,2,0,0
539,1,0,0
540,0,0,2
540,1,0,1
540,2,0,0
541,0,0,2
541,1,0,1
541,2,0,1
541,2,0,1
542,0,0,1
542,1,0,2
542,2,0,1
542,2,0,0
543,0,0,0
543,1,0,0
543,2,0,0
544,0,0,2
544,1,0,0
544,2,0,0
545,0,0,2
545,1,0,0
545,2,0,1
546,0,0,0
546,1,0,0
546,2,0,2
547,0,0,2
547,1,0,0
547,2,0,1
548,0,0,1
548,1,0,1
548,2,0,2
548,0,0,0
548,1,0,0
549,0,0,1
549,1,0,1
549,2,0,0
549,0,0,1
549,1,0,0
549,0,0,0
550,0,0,0
550,1,0,1
550,2,0,2
550,1,0,1
551,0,0,0
551,1,0,1
551,2,0,2
551,1,0,0
552,0,0,1
552,1,0,1
552,2,0,0
552,0,0,1
552,1,0,1
552,1,0,0
553,0,0,0
553,1,0,1
553,2,0,3
553,2,1,1
553,1,0,1
553,2,0,0
553,2,1,1
553,1,0,1
554,0,0,2
554,1,0,0
554,2,0,2
555,0,0,1
555,1,0,3
555,1,1,3
555,1,2,1
555,2,0,1
555,0,0,0
555,1,0,2
555,1,1,0
555,1,2,0
555,2,0,0
556,0,0,2
556,1,0,0
556,2,0,0
557,0,0,1
557,1,0,0
557,2,0,0
557,0,0,0
558,0,0,1
558,1,0,0
558,2,0,1
558,2,0,1
559,0,0,2
559,1,0,0
559,2,0,1
560,0,0,0
560,1,0,1
560,2,0,2
560,1,0,0
561,0,0,0
561,1,0,0
561,2,0,1
561,2,0,1
562,0,0,0
562,1,0,1
562,2,0,1
562,1,0,0
563,0,0,0
563,1,0,2
563,2,0,1
563,2,0,0
564,0,0,2
564,1,0,0
564,2,0,1
564,2,0,1
564,2,0,0
565,0,0,1
565,1,0,1
565,2,0,1
565,0,0,1
565,1,0,0
566,0,0,3
566,0,1,1
566,1,0,0
566,2,0,2
566,0,0,3
566,0,2,1
566,0,0,1
566,0,0,0
567,0,0,2
567,1,0,1
567,2,0,1
567,2,0,0
568,0,0,2
568,1,0,3
568,1,1,0
568,2,0,0
568,1,0,0
569,0,0,1
569,1,0,1
569,2,0,0
569,0,0,1
569,1,0,0
569,0,0,0
570,0,0,2
570,1,0,0
570,2,0,2
571,0,0,2
571,1,0,0
571,2,0,0
572,0,0,1
572,1,0,1
572,2,0,2
572,0,0,0
572,1,0,0
573,0,0,0
573,1,0,0
573,2,0,0
574,0,0,1
574,1,0,1
574,2,0,1
574,0,0,0
574,1,0,0
574,2,0,0
575,0,0,0
575,1,0,1
575,2,0,2
575,1,0,1
576,0,0,1
576,1,0,0
576,2,0,1
576,0,0,1
576,2,0,0
576,0,0,0
577,0,0,1
577,1,0,0
577,2,0,1
577,2,0,0
578,0,0,2
578,1,0,0
578,2,0,0
579,0,0,1
579,1,0,1
579,2,0,2
579,1,0,0
580,0,0,0
580,1,0,0
580,2,0,1
580,2,0,1
581,0,0,0
581,1,0,3
581,1,1,0
581,2,0,0
581,1,0,1
581,1,0,1
582,0,0,1
582,1,0,0
582,2,0,2
583,0,0,0
583,1,0,3
583,1,1,0
583,2,0,1
583,1,0,0
584,0,0,0
584,1,0,0
584,2,0,0
585,0,0,1
585,1,0,2
585,2,0,0
585,0,0,1
585,0,0,0
586,0,0,2
586,1,0,1
586,2,0,1
586,1,0,0
586,2,0,1
587,0,0,0
587,1,0,1
587,2,0,1
587,1,0,1
587,2,0,0
587,1,0,0
588,0,0,1
588,1,0,0
588,2,0,2
588,0,0,1
589,0,0,0
589,1,0,1
589,2,0,1
589,1,0,1
589,2,0,0
589,1,0,0
590,0,0,0
590,1,0,1
590,2,0,4
590,1,0,0
590,2,0,1
590,2,0,0
591,0,0,0
591,1,0,1
591,2,0,2
591,1,0,0
592,0,0,1
592,1,0,1
592,2,0,2
592,0,0,0
592,1,0,0
593,0,0,2
593,1,0,0
593,2,0,0
594,0,0,2
594,1,0,1
594,2,0,0
594,1,0,0
595,0,0,1
595,1,0,1
595,2,0,1
596,0,0,0
596,1,0,1
596,2,0,4
596,1,0,0
596,2,0,4
596,2,0,1
596,2,0,0
597,0,0,0
597,1,0,1
597,2,0,2
597,1,0,0
598,0,0,0
598,1,0,0
598,2,0,0
599,0,0,2
599,1,0,1
599,2,0,2
599,1,0,0
600,0,0,0
600,1,0,1
600,2,0,1
601,0,0,2
601,1,0,1
601,2,0,1
601,2,0,0
602,0,0,2
602,1,0,0
602,2,0,1
602,2,0,0
603,0,0,0
603,1,0,0
603,2,0,2
604,0,0,2
604,1,0,1
604,2,0,0
604,1,0,1
604,1,0,0
605,0,0,2
605,1,0,0
605,2,0,1
606,0,0,0
606,1,0,0
606,2,0,2
607,0,0,0
607,1,0,0
607,2,0,1
608,0,0,0
608,1,0,1
608,2,0,2
608,1,0,1
608,1,0,0
609,0,0,1
609,1,0,1
609,2,0,0
609,0,0,0
610,0,0,0
610,1,0,1
610,2,0,2
611,0,0,1
611,1,0,0
611,2,0,2
611,0,0,0
612,0,0,1
612,1,0,1
612,2,0,0
612,0,0,0
612,1,0,0
613,0,0,1
613,1,0,1
613,2,0,0
613,0,0,0
614,0,0,1
614,1,0,0
614,2,0,2
614,0,0,0
615,0,0,0
615,1,0,0
615,2,0,1
615,2,0,1
616,0,0,0
616,1,0,1
616,2,0,1
616,2,0,1
616,2,0,0
617,0,0,0
617,1,0,2
617,2,0,1
617,2,0,1
618,0,0,2
618,1,0,2
618,2,0,0
619,0,0,1
619,1,0,0
619,2,0,0
619,0,0,0
620,0,0,0
620,1,0,0
620,2,0,1
621,0,0,0
621,1,0,1
621,2,0,0
621,1,0,1
622,0,0,1
622,1,0,1
622,2,0,1
622,0,0,0
623,0,0,2
623,1,0,1
623,2,0,1
623,1,0,0
624,0,0,2
624,1,0,0
624,2,0,0
625,0,0,0
625,1,0,0
625,2,0,2
626,0,0,2
626,1,0,1
626,2,0,2
627,0,0,0
627,1,0,1
627,2,0,0
627,1,0,0
628,0,0,1
628,1,0,2
628,2,0,3
628,2,1,3
628,2,2,1
628,0,0,0
628,2,0,1
628,2,1,1
629,0,0,0
629,1,0,0
629,2,0,2
630,0,0,0
630,1,0,1
630,2,0,2
630,1,0,0
631,0,0,2
631,1,0,0
631,2,0,1
632,0,0,0
632,1,0,0
632,2,0,0
633,0,0,0
633,1,0,1
633,2,0,1
633,1,0,1
633,1,0,0
634,0,0,0
634,1,0,1
634,2,0,1
634,1,0,1
634,1,0,0
635,0,0,0
635,1,0,0
635,2,0,2
636,0,0,1
636,1,0,0
636,2,0,2
636,0,0,0
637,0,0,1
637,1,0,2
637,2,0,0
637,0,0,0
638,0,0,2
638,1,0,2
638,2,0,1
639,0,0,0
639,1,0,1
639,2,0,0
639,1,0,1
640,0,0,2
640,1,0,1
640,2,0,0
640,1,0,0
641,0,0,1
641,1,0,1
641,2,0,1
641,0,0,1
641,1,0,1
641,2,0,1
641,0,0,0
641,2,0,1
641,2,0,1
642,0,0,0
642,1,0,0
642,2,0,0
643,0,0,2
643,1,0,1
643,2,0,0
643,1,0,1
643,1,0,0
644,0,0,3
644,0,1,2
644,1,0,0
644,2,0,1
644,0,0,1
644,2,0,0
645,0,0,0
645,1,0,1
645,2,0,1
646,0,0,2
646,1,0,0
646,2,0,3
646,2,1,1
646,2,0,2
647,0,0,0
647,1,0,1
647,2,0,1
647,2,0,0
648,0,0,0
648,1,0,1
648,2,0,2
648,1,0,1
648,1,0,0
649,0,0,4
649,1,0,0
649,2,0,3
649,2,1,4
649,0,0,4
649,2,0,3
649,2,1,0
649,2,2,1
649,0,0,4
649,2,0,0
649,2,2,1
649,0,0,4
649,0,0,4
649,0,0,4
649,0,0,4
649,0,0,4
649,0,0,4
649,0,0,4
649,0,0,4
649,0,0,4
649,0,0,4
649,0,0,4
649,0,0,4
649,0,0,4
649,0,0,4
649,0,0,4
649,0,0,4
649,0,0,1
650,0,0,0
650,1,0,0
650,2,0,2
651,0,0,0
651,1,0,0
651,2,0,1
651,2,0,0
652,0,0,0
652,1,0,0
652,2,0,2
653,0,0,0
653,1,0,1
653,2,0,0
653,1,0,1
653,1,0,1
653,1,0,1
653,1,0,0
654,0,0,0
654,1,0,0
654,2,0,1
654,2,0,1
655,0,0,0
655,1,0,1
655,2,0,2
655,1,0,1
655,1,0,0
656,0,0,2
656,1,0,0
656,2,0,2
657,0,0,0
657,1,0,0
657,2,0,2
658,0,0,1
658,1,0,0
658,2,0,0
658,0,0,0
659,0,0,0
659,1,0,0
659,2,0,2
660,0,0,2
660,1,0,0
660,2,0,0
661,0,0,0
661,1,0,1
661,2,0,0
661,1,0,0
662,0,0,1
662,1,0,0
662,2,0,1
663,0,0,1
663,1,0,0
663,2,0,2
663,0,0,1
664,0,0,0
664,1,0,1
664,2,0,0
664,1,0,0
665,0,0,0
665,1,0,0
665,2,0,4
665,2,0,0
666,0,0,0
666,1,0,1
666,2,0,0
666,1,0,0
667,0,0,1
667,1,0,1
667,2,0,0
667,1,0,0
668,0,0,1
668,1,0,0
668,2,0,1
668,2,0,1
668,2,0,1
668,2,0,0
669,0,0,2
669,1,0,0
669,2,0,0
670,0,0,2
670,1,0,1
670,2,0,1
670,1,0,0
670,2,0,1
671,0,0,1
671,1,0,0
671,2,0,1
671,0,0,0
672,0,0,0
672,1,0,1
672,2,0,1
672,1,0,1
672,2,0,0
672,1,0,0
673,0,0,2
673,1,0,1
673,2,0,1
673,1,0,0
673,2,0,1
674,0,0,0
674,1,0,0
674,2,0,1
675,0,0,2
675,1,0,1
675,2,0,4
675,1,0,0
675,2,0,1
676,0,0,1
676,1,0,0
676,2,0,0
677,0,0,0
677,1,0,0
677,2,0,2
678,0,0,2
678,1,0,1
678,2,0,1
678,1,0,1
678,2,0,0
678,1,0,0
679,0,0,0
679,1,0,1
679,2,0,2
679,1,0,0
680,0,0,0
680,1,0,0
680,2,0,1
680,2,0,0
681,0,0,1
681,1,0,0
681,2,0,2
681,0,0,0
682,0,0,2
682,1,0,0
682,2,0,0
683,0,0,0
683,1,0,0
683,2,0,0
684,0,0,2
684,1,0,1
684,2,0,2
685,0,0,2
685,1,0,0
685,2,0,1
686,0,0,1
686,1,0,1
686,2,0,4
686,1,0,0
686,2,0,4
686,2,0,2
687,0,0,1
687,1,0,1
687,2,0,0
687,0,0,0
687,1,0,0
688,0,0,3
688,0,1,2
688,1,0,0
688,2,0,3
688,2,1,1
688,0,0,2
688,2,0,0
688,2,1,1
688,2,1,0
689,0,0,2
689,1,0,1
689,2,0,1
690,0,0,0
690,1,0,0
690,2,0,1
690,2,0,1
690,2,0,1
691,0,0,1
691,1,0,0
691,2,0,0
691,0,0,1
692,0,0,1
692,1,0,0
692,2,0,0
692,0,0,0
693,0,0,1
693,1,0,1
693,2,0,1
693,0,0,0
694,0,0,2
694,1,0,1
694,2,0,0
695,0,0,1
695,1,0,2
695,2,0,0
695,0,0,0
696,0,0,1
696,1,0,0
696,2,0,1
696,0,0,0
696,2,0,0
697,0,0,2
697,1,0,0
697,2,0,1
698,0,0,1
698,1,0,0
698,2,0,2
698,0,0,0
699,0,0,1
699,1,0,0
699,2,0,1
699,0,0,0
700,0,0,0
700,1,0,0
700,2,0,2
701,0,0,0
701,1,0,1
701,2,0,2
701,1,0,0
702,0,0,1
702,1,0,1
702,2,0,1
702,0,0,1
702,1,0,0
702,2,0,1
702,0,0,0
702,2,0,0
703,0,0,2
703,1,0,1
703,2,0,2
703,1,0,0
704,0,0,2
704,1,0,0
704,2,0,2
705,0,0,0
705,1,0,0
705,2,0,1
705,2,0,1
706,0,0,0
706,1,0,1
706,2,0,0
706,1,0,0
707,0,0,1
707,1,0,1
707,2,0,2
707,0,0,0
707,1,0,1
708,0,0,0
708,1,0,0
708,2,0,2
709,0,0,0
709,1,0,0
709,2,0,1
709,2,0,1
709,2,0,1
710,0,0,0
710,1,0,1
710,2,0,0
710,1,0,0
711,0,0,1
711,1,0,1
711,2,0,0
711,0,0,0
711,1,0,1
711,1,0,0
712,0,0,2
712,1,0,1
712,2,0,2
712,1,0,0
713,0,0,1
713,1,0,1
713,2,0,0
713,1,0,0
714,0,0,0
714,1,0,0
714,2,0,0
715,0,0,0
715,1,0,0
715,2,0,2
716,0,0,2
716,1,0,1
716,2,0,0
717,0,0,3
717,0,1,3
717,0,2,2
717,1,0,1
717,2,0,0
717,0,0,3
717,0,1,3
717,0,3,3
717,0,4,3
717,0,5,2
717,0,6,1
717,1,0,0
717,0,0,1
717,0,1,1
717,0,3,1
717,0,4,0
717,0,6,1
718,0,0,0
718,1,0,3
718,1,1,1
718,2,0,0
718,1,0,1
718,1,0,1
718,1,0,0
719,0,0,1
719,1,0,0
719,2,0,3
719,2,1,0
719,0,0,1
719,2,0,1
719,2,0,1
720,0,0,2
720,1,0,0
720,2,0,1
720,2,0,0
721,0,0,2
721,1,0,1
721,2,0,1
721,2,0,1
722,0,0,0
722,1,0,0
722,2,0,1
723,0,0,0
723,1,0,0
723,2,0,3
723,2,1,0
723,2,0,1
723,2,0,1
723,2,0,0
724,0,0,1
724,1,0,1
724,2,0,2
724,0,0,0
724,1,0,1
724,1,0,1
725,0,0,1
725,1,0,1
725,2,0,2
725,0,0,1
726,0,0,0
726,1,0,0
726,2,0,2
727,0,0,1
727,1,0,0
727,2,0,2
728,0,0,0
728,1,0,0
728,2,0,0
729,0,0,3
729,0,1,0
729,1,0,1
729,2,0,1
729,0,0,1
729,1,0,1
729,0,0,0
729,1,0,1
730,0,0,1
730,1,0,1
730,2,0,1
730,0,0,0
730,1,0,1
730,2,0,1
731,0,0,2
731,1,0,0
731,2,0,1
731,2,0,1
732,0,0,1
732,1,0,1
732,2,0,0
732,0,0,0
732,1,0,0
733,0,0,0
733,1,0,0
733,2,0,0
734,0,0,2
734,1,0,2
734,2,0,1
734,2,0,0
735,0,0,2
735,1,0,0
735,2,0,0
736,0,0,0
736,1,0,0
736,2,0,2
737,0,0,2
737,1,0,0
737,2,0,2
738,0,0,0
738,1,0,0
738,2,0,0
739,0,0,2
739,1,0,1
739,2,0,1
739,2,0,0
740,0,0,1
740,1,0,0
740,2,0,1
740,0,0,0
740,2,0,1
740,2,0,0
741,0,0,0
741,1,0,1
741,2,0,2
742,0,0,0
742,1,0,1
742,2,0,0
743,0,0,1
743,1,0,1
743,2,0,2
743,0,0,0
744,0,0,0
744,1,0,1
744,2,0,0
744,1,0,0
745,0,0,0
745,1,0,1
745,2,0,3
745,2,1,0
745,1,0,1
745,2,0,1
745,2,0,1
746,0,0,0
746,1,0,1
746,2,0,0
746,1,0,0
747,0,0,0
747,1,0,0
747,2,0,1
747,2,0,0
748,0,0,1
748,1,0,0
748,2,0,3
748,2,1,0
748,0,0,0
748,2,0,1
749,0,0,0
749,1,0,0
749,2,0,0
750,0,0,1
750,1,0,1
750,2,0,0
750,0,0,1
750,1,0,0
751,0,0,2
751,1,0,0
751,2,0,2
752,0,0,0
752,1,0,0
752,2,0,1
752,2,0,1
753,0,0,2
753,1,0,0
753,2,0,4
753,2,0,0
754,0,0,0
754,1,0,1
754,2,0,1
754,1,0,0
754,2,0,0
755,0,0,0
755,1,0,1
755,2,0,2
756,0,0,2
756,1,0,1
756,2,0,1
756,2,0,1
757,0,0,2
757,1,0,0
757,2,0,0
758,0,0,2
758,1,0,1
758,2,0,2
758,1,0,0
759,0,0,1
759,1,0,1
759,2,0,0
759,0,0,1
759,1,0,1
759,1,0,1
760,0,0,1
760,1,0,1
760,2,0,1
760,0,0,0
760,1,0,0
760,2,0,1
761,0,0,1
761,1,0,1
761,2,0,2
761,0,0,1
761,1,0,0
761,0,0,0
762,0,0,2
762,1,0,2
762,2,0,0
763,0,0,0
763,1,0,0
763,2,0,0
764,0,0,2
764,1,0,1
764,2,0,2
764,1,0,1
764,1,0,0
765,0,0,1
765,1,0,1
765,2,0,2
765,0,0,1
766,0,0,0
766,1,0,2
766,2,0,1
766,2,0,0
767,0,0,1
767,1,0,3
767,1,1,0
767,2,0,2
767,0,0,1
767,1,0,0
768,0,0,0
768,1,0,1
768,2,0,1
768,1,0,1
768,2,0,0
768,1,0,0
769,0,0,1
769,1,0,0
769,2,0,1
769,0,0,0
769,2,0,0
770,0,0,0
770,1,0,1
770,2,0,2
770,1,0,0
771,0,0,0
771,1,0,1
771,2,0,1
771,1,0,1
771,2,0,1
771,1,0,0
772,0,0,2
772,1,0,1
772,2,0,2
772,1,0,0
773,0,0,0
773,1,0,0
773,2,0,1
773,2,0,0
774,0,0,2
774,1,0,1
774,2,0,2
774,1,0,0
775,0,0,2
775,1,0,0
775,2,0,1
775,2,0,1
776,0,0,0
776,1,0,0
776,2,0,1
776,2,0,0
777,0,0,0
777,1,0,0
777,2,0,0
778,0,0,0
778,1,0,1
778,2,0,1
778,2,0,0
779,0,0,2
779,1,0,1
779,2,0,0
779,1,0,0
780,0,0,0
780,1,0,1
780,2,0,2
780,1,0,1
780,1,0,0
781,0,0,0
781,1,0,1
781,2,0,3
781,2,1,2
781,1,0,1
781,2,0,1
781,1,0,1
781,1,0,0
782,0,0,1
782,1,0,0
782,2,0,0
782,0,0,1
783,0,0,1
783,1,0,0
783,2,0,1
783,0,0,0
783,2,0,1
783,2,0,1
783,2,0,0
784,0,0,2
784,1,0,1
784,2,0,2
784,1,0,1
784,1,0,0
785,0,0,0
785,1,0,0
785,2,0,1
785,2,0,1
786,0,0,0
786,1,0,1
786,2,0,2
786,1,0,0
787,0,0,0
787,1,0,2
787,2,0,1
787,2,0,0
788,0,0,0
788,1,0,0
788,2,0,0
789,0,0,3
789,0,1,3
789,0,2,0
789,1,0,0
789,2,0,0
789,0,0,3
789,0,1,0
789,0,3,3
789,0,4,1
789,0,0,0
789,0,3,2
790,0,0,2
790,1,0,1
790,2,0,0
790,1,0,0
791,0,0,0
791,1,0,1
791,2,0,2
791,1,0,0
792,0,0,2
792,1,0,0
792,2,0,2
793,0,0,1
793,1,0,2
793,2,0,0
793,0,0,0
794,0,0,1
794,1,0,2
794,2,0,0
795,0,0,1
795,1,0,0
795,2,0,0
795,0,0,0
796,0,0,0
796,1,0,2
796,2,0,1
796,2,0,0
797,0,0,0
797,1,0,0
797,2,0,2
798,0,0,0
798,1,0,2
798,2,0,1
798,2,0,1
798,2,0,0
799,0,0,2
799,1,0,1
799,2,0,1
799,2,0,1
800,0,0,2
800,1,0,1
800,2,0,0
800,1,0,1
801,0,0,0
801,1,0,0
801,2,0,1
802,0,0,0
802,1,0,1
802,2,0,2
802,1,0,1
802,1,0,0
803,0,0,0
803,1,0,1
803,2,0,3
803,2,1,2
803,1,0,0
803,2,0,1
804,0,0,1
804,1,0,1
804,2,0,2
804,0,0,0
805,0,0,2
805,1,0,0
805,2,0,4
805,2,0,2
806,0,0,2
806,1,0,1
806,2,0,0
806,1,0,0
807,0,0,1
807,1,0,1
807,2,0,0
807,0,0,1
807,1,0,0
808,0,0,1
808,1,0,1
808,2,0,0
808,0,0,0
808,1,0,1
809,0,0,0
809,1,0,0
809,2,0,2
810,0,0,2
810,1,0,0
810,2,0,0
811,0,0,0
811,1,0,0
811,2,0,1
811,2,0,1
812,0,0,2
812,1,0,1
812,2,0,0
812,1,0,0
813,0,0,2
813,1,0,0
813,2,0,0
814,0,0,2
814,1,0,0
814,2,0,1
814,2,0,0
815,0,0,2
815,1,0,0
815,2,0,0
816,0,0,2
816,1,0,1
816,2,0,0
816,1,0,1
816,1,0,0
817,0,0,2
817,1,0,1
817,2,0,0
817,1,0,0
818,0,0,0
818,1,0,1
818,2,0,0
818,1,0,1
819,0,0,2
819,1,0,1
819,2,0,1
819,2,0,0
820,0,0,0
820,1,0,0
820,2,0,2
821,0,0,2
821,1,0,1
821,2,0,0
821,1,0,0
822,0,0,0
822,1,0,1
822,2,0,2
822,1,0,0
823,0,0,2
823,1,0,0
823,2,0,2
824,0,0,1
824,1,0,0
824,2,0,1
824,0,0,1
824,2,0,1
824,0,0,0
825,0,0,1
825,1,0,1
825,2,0,4
825,0,0,1
825,1,0,1
825,2,0,1
825,0,0,0
826,0,0,2
826,1,0,0
826,2,0,1
826,2,0,0
827,0,0,1
827,1,0,2
827,2,0,0
827,0,0,0
828,0,0,2
828,1,0,0
828,2,0,1
828,2,0,1
829,0,0,1
829,1,0,2
829,2,0,1
829,0,0,0
829,2,0,1
829,2,0,1
830,0,0,1
830,1,0,0
830,2,0,2
830,0,0,1
830,0,0,0
831,0,0,0
831,1,0,2
831,2,0,0
832,0,0,2
832,1,0,1
832,2,0,2
832,1,0,0
833,0,0,2
833,1,0,1
833,2,0,1
833,1,0,0
833,2,0,0
834,0,0,2
834,1,0,2
834,2,0,1
834,2,0,1
835,0,0,1
835,1,0,0
835,2,0,0
835,0,0,0
836,0,0,1
836,1,0,0
836,2,0,3
836,2,1,1
836,0,0,1
836,2,0,2
836,2,1,0
837,0,0,1
837,1,0,1
837,2,0,2
837,0,0,1
837,1,0,1
837,0,0,1
837,1,0,0
837,0,0,0
838,0,0,0
838,1,0,0
838,2,0,1
838,2,0,1
839,0,0,0
839,1,0,0
839,2,0,1
839,2,0,0
840,0,0,1
840,1,0,0
840,2,0,3
840,2,1,2
840,0,0,0
840,2,0,1
840,2,0,0
841,0,0,1
841,1,0,1
841,2,0,0
841,0,0,1
841,1,0,1
841,0,0,1
842,0,0,2
842,1,0,0
842,2,0,1
843,0,0,0
843,1,0,0
843,2,0,1
843,2,0,0
844,0,0,2
844,1,0,1
844,2,0,1
844,1,0,0
844,2,0,1
844,2,0,1
844,2,0,0
845,0,0,0
845,1,0,1
845,2,0,1
845,1,0,1
845,1,0,0
846,0,0,2
846,1,0,1
846,2,0,1
846,1,0,0
846,2,0,1
847,0,0,2
847,1,0,1
847,2,0,2
847,1,0,1
847,1,0,1
848,0,0,0
848,1,0,0
848,2,0,1
848,2,0,0
849,0,0,1
849,1,0,1
849,2,0,2
849,0,0,0
849,1,0,1
849,1,0,0
850,0,0,2
850,1,0,1
850,2,0,0
850,1,0,0
851,0,0,1
851,1,0,0
851,2,0,2
851,0,0,1
851,0,0,1
852,0,0,0
852,1,0,0
852,2,0,1
853,0,0,1
853,1,0,1
853,2,0,3
853,2,1,0
853,0,0,0
853,1,0,0
853,2,0,0
854,0,0,2
854,1,0,2
854,2,0,2
855,0,0,0
855,1,0,1
855,2,0,1
855,1,0,0
856,0,0,1
856,1,0,0
856,2,0,0
856,0,0,0
857,0,0,2
857,1,0,1
857,2,0,1
857,1,0,1
858,0,0,2
858,1,0,0
858,2,0,2
859,0,0,2
859,1,0,0
859,2,0,0
860,0,0,2
860,1,0,1
860,2,0,2
860,1,0,1
860,1,0,0
861,0,0,2
861,1,0,0
861,2,0,0
862,0,0,2
862,1,0,0
862,2,0,1
863,0,0,1
863,1,0,3
863,1,1,0
863,2,0,2
863,0,0,1
863,1,0,2
864,0,0,0
864,1,0,2
864,2,0,0
865,0,0,1
865,1,0,0
865,2,0,1
865,0,0,0
866,0,0,0
866,1,0,1
866,2,0,2
867,0,0,2
867,1,0,0
867,2,0,1
867,2,0,0
868,0,0,0
868,1,0,0
868,2,0,1
868,2,0,0
869,0,0,2
869,1,0,1
869,2,0,1
869,1,0,0
869,2,0,1
869,2,0,1
869,2,0,1
870,0,0,2
870,1,0,0
870,2,0,2
871,0,0,2
871,1,0,1
871,2,0,3
871,2,1,0
871,1,0,1
871,2,0,0
871,1,0,1
872,0,0,1
872,1,0,2
872,2,0,2
873,0,0,0
873,1,0,1
873,2,0,0
873,1,0,1
873,1,0,0
874,0,0,2
874,1,0,0
874,2,0,0
875,0,0,0
875,1,0,1
875,2,0,0
875,1,0,0
876,0,0,2
876,1,0,1
876,2,0,2
876,1,0,1
876,1,0,0
877,0,0,2
877,1,0,1
877,2,0,1
877,2,0,1
878,0,0,0
878,1,0,1
878,2,0,2
878,1,0,0
879,0,0,4
879,1,0,0
879,2,0,2
879,0,0,4
879,0,0,4
879,0,0,4
879,0,0,4
879,0,0,4
879,0,0,4
879,0,0,4
879,0,0,4
879,0,0,4
879,0,0,4
879,0,0,4
879,0,0,2
880,0,0,3
880,0,1,3
880,0,2,2
880,1,0,0
880,2,0,0
880,0,0,1
880,0,1,1
880,0,0,0
881,0,0,1
881,1,0,1
881,2,0,2
881,0,0,1
881,1,0,1
882,0,0,1
882,1,0,1
882,2,0,0
882,1,0,0
883,0,0,2
883,1,0,2
883,2,0,0
884,0,0,2
884,1,0,1
884,2,0,1
884,1,0,1
884,1,0,0
885,0,0,1
885,1,0,1
885,2,0,1
885,0,0,0
885,1,0,0
886,0,0,2
886,1,0,1
886,2,0,2
886,1,0,1
886,1,0,0
887,0,0,0
887,1,0,0
887,2,0,1
888,0,0,2
888,1,0,1
888,2,0,0
888,1,0,0
889,0,0,0
889,1,0,1
889,2,0,0
889,1,0,0
890,0,0,1
890,1,0,2
890,2,0,0
891,0,0,0
891,1,0,0
891,2,0,1
891,2,0,0
892,0,0,1
892,1,0,0
892,2,0,0
892,0,0,0
893,0,0,2
893,1,0,0
893,2,0,1
894,0,0,1
894,1,0,0
894,2,0,0
894,0,0,1
894,0,0,0
895,0,0,1
895,1,0,0
895,2,0,2
895,0,0,1
895,0,0,0
896,0,0,0
896,1,0,1
896,2,0,0
896,1,0,1
897,0,0,0
897,1,0,3
897,1,1,2
897,2,0,0
897,1,0,0
898,0,0,0
898,1,0,0
898,2,0,0
899,0,0,2
899,1,0,0
899,2,0,2
900,0,0,1
900,1,0,1
900,2,0,2
900,0,0,0
901,0,0,1
901,1,0,0
901,2,0,2
901,0,0,1
901,0,0,0
902,0,0,2
902,1,0,1
902,2,0,0
902,1,0,0
903,0,0,0
903,1,0,0
903,2,0,2
904,0,0,4
904,1,0,1
904,2,0,2
904,0,0,1
904,1,0,0
905,0,0,2
905,1,0,1
905,2,0,2
905,1,0,1
906,0,0,0
906,1,0,0
906,2,0,1
907,0,0,2
907,1,0,1
907,2,0,2
907,1,0,1
907,1,0,0
908,0,0,2
908,1,0,3
908,1,1,0
908,2,0,0
908,1,0,0
909,0,0,2
909,1,0,1
909,2,0,0
909,1,0,0
910,0,0,1
910,1,0,0
910,2,0,0
910,0,0,1
910,0,0,0
911,0,0,1
911,1,0,0
911,2,0,0
911,0,0,0
912,0,0,1
912,1,0,1
912,2,0,0
912,1,0,1
912,1,0,0
913,0,0,2
913,1,0,1
913,2,0,0
914,0,0,1
914,1,0,2
914,2,0,0
915,0,0,2
915,1,0,1
915,2,0,2
915,1,0,1
915,1,0,0
916,0,0,0
916,1,0,1
916,2,0,2
917,0,0,0
917,1,0,1
917,2,0,2
917,1,0,1
917,1,0,1
917,1,0,0
918,0,0,1
918,1,0,1
918,2,0,1
918,0,0,1
918,0,0,1
919,0,0,2
919,1,0,0
919,2,0,1
919,2,0,0
920,0,0,1
920,1,0,0
920,2,0,0
920,0,0,0
921,0,0,1
921,1,0,0
921,2,0,2
921,0,0,0
922,0,0,1
922,1,0,0
922,2,0,1
922,2,0,1
922,2,0,0
923,0,0,0
923,1,0,2
923,2,0,2
924,0,0,0
924,1,0,1
924,2,0,2
924,1,0,1
924,1,0,0
925,0,0,0
925,1,0,1
925,2,0,0
926,0,0,2
926,1,0,0
926,2,0,1
926,2,0,1
926,2,0,1
926,2,0,1
927,0,0,2
927,1,0,0
927,2,0,2
928,0,0,0
928,1,0,0
928,2,0,1
929,0,0,2
929,1,0,0
929,2,0,1
929,2,0,1
930,0,0,2
930,1,0,2
930,2,0,2
931,0,0,1
931,1,0,1
931,2,0,1
931,0,0,1
931,0,0,0
932,0,0,0
932,1,0,0
932,2,0,1
932,2,0,0
933,0,0,0
933,1,0,0
933,2,0,1
934,0,0,2
934,1,0,0
934,2,0,2
935,0,0,1
935,1,0,0
935,2,0,0
935,0,0,0
936,0,0,2
936,1,0,2
936,2,0,3
936,2,1,1
936,2,0,1
936,2,0,0
937,0,0,1
937,1,0,0
937,2,0,4
937,0,0,0
937,2,0,2
938,0,0,2
938,1,0,1
938,2,0,2
938,1,0,0
939,0,0,2
939,1,0,1
939,2,0,2
940,0,0,1
940,1,0,0
940,2,0,2
940,0,0,1
940,0,0,0
941,0,0,0
941,1,0,0
941,2,0,1
942,0,0,1
942,1,0,1
942,2,0,1
942,1,0,0
942,2,0,0
943,0,0,0
943,1,0,1
943,2,0,2
943,1,0,1
943,1,0,0
944,0,0,0
944,1,0,2
944,2,0,1
944,2,0,1
945,0,0,2
945,1,0,1
945,2,0,1
945,1,0,1
945,2,0,0
945,1,0,0
946,0,0,1
946,1,0,0
946,2,0,1
946,0,0,0
946,2,0,0
947,0,0,1
947,1,0,1
947,2,0,2
947,0,0,0
947,1,0,1
947,1,0,0
948,0,0,1
948,1,0,0
948,2,0,0
948,0,0,0
949,0,0,2
949,1,0,0
949,2,0,2
950,0,0,2
950,1,0,0
950,2,0,1
950,2,0,1
950,2,0,1
951,0,0,2
951,1,0,0
951,2,0,1
952,0,0,1
952,1,0,1
952,2,0,2
952,0,0,1
952,1,0,0
952,0,0,1
953,0,0,1
953,1,0,0
953,2,0,0
954,0,0,1
954,1,0,0
954,2,0,2
954,0,0,1
955,0,0,1
955,1,0,0
955,2,0,1
955,0,0,0
956,0,0,1
956,1,0,3
956,1,1,0
956,2,0,1
956,1,0,0
956,2,0,1
957,0,0,1
957,1,0,0
957,2,0,0
957,0,0,0
958,0,0,0
958,1,0,0
958,2,0,2
959,0,0,2
959,1,0,0
959,2,0,2
960,0,0,0
960,1,0,0
960,2,0,1
960,2,0,1
961,0,0,1
961,1,0,1
961,2,0,0
961,0,0,0
961,1,0,0
962,0,0,0
962,1,0,0
962,2,0,0
963,0,0,1
963,1,0,1
963,2,0,0
963,0,0,0
963,1,0,0
964,0,0,2
964,1,0,0
964,2,0,1
964,2,0,1
965,0,0,1
965,1,0,0
965,2,0,2
965,0,0,1
965,0,0,1
966,0,0,2
966,1,0,1
966,2,0,1
966,1,0,0
966,2,0,0
967,0,0,2
967,1,0,0
967,2,0,2
968,0,0,2
968,1,0,0
968,2,0,1
968,2,0,0
969,0,0,1
969,1,0,1
969,2,0,1
969,0,0,0
969,1,0,1
969,2,0,1
970,0,0,1
970,1,0,0
970,2,0,2
970,0,0,1
970,0,0,1
971,0,0,1
971,1,0,2
971,2,0,2
972,0,0,0
972,1,0,0
972,2,0,2
973,0,0,0
973,1,0,2
973,2,0,2
974,0,0,1
974,1,0,0
974,2,0,0
974,0,0,0
975,0,0,0
975,1,0,0
975,2,0,0
976,0,0,2
976,1,0,0
976,2,0,1
977,0,0,0
977,1,0,1
977,2,0,0
977,1,0,0
978,0,0,2
978,1,0,2
978,2,0,1
979,0,0,0
979,1,0,2
979,2,0,0
980,0,0,1
980,1,0,1
980,2,0,2
980,0,0,0
980,1,0,0
981,0,0,1
981,1,0,0
981,2,0,2
981,0,0,0
982,0,0,2
982,1,0,1
982,2,0,0
982,1,0,0
983,0,0,2
983,1,0,0
983,2,0,2
984,0,0,0
984,1,0,1
984,2,0,2
984,1,0,0
985,0,0,0
985,1,0,0
985,2,0,2
986,0,0,2
986,1,0,0
986,2,0,3
986,2,1,0
986,2,0,2
987,0,0,1
987,1,0,0
987,2,0,1
987,0,0,1
987,2,0,0
987,0,0,1
988,0,0,1
988,1,0,1
988,2,0,1
988,0,0,1
988,1,0,0
988,2,0,1
988,0,0,0
989,0,0,1
989,1,0,0
989,2,0,2
989,0,0,0
990,0,0,1
990,1,0,0
990,2,0,2
990,0,0,0
991,0,0,0
991,1,0,0
991,2,0,0
992,0,0,2
992,1,0,1
992,2,0,1
993,0,0,1
993,1,0,0
993,2,0,1
993,0,0,1
993,2,0,1
993,0,0,0
994,0,0,2
994,1,0,0
994,2,0,1
995,0,0,0
995,1,0,0
995,2,0,0
996,0,0,2
996,1,0,1
996,2,0,2
996,1,0,1
996,1,0,0
997,0,0,1
997,1,0,1
997,2,0,1
997,1,0,1
997,2,0,1
997,1,0,0
997,2,0,1
998,0,0,4
998,1,0,0
998,2,0,4
998,0,0,1
998,2,0,4
998,0,0,0
998,2,0,0
999,0,0,1
999,1,0,1
999,2,0,1
999,1,0,0
999,2,0,1
1000,0,0,2
1000,1,0,0
1000,2,0,1
1000,2,0,0
